{
  "accuracy": 0.9736842105263158,
  "auc": 0.9976851851851852
}